{"cameraMode":{"drawMode":0,"name":"Shaded","section":"Shading Mode"},"sceneLighting":false,"audioPlay":false,"sceneViewState":{"showFog":true,"showMaterialUpdate":false,"showSkybox":false,"showFlares":true,"showImageEffects":true,"showParticleSystems":true},"in2DMode":false,"pivot":{"x":-0.7279410362243652,"y":1.5598992109298707,"z":0.16412129998207093},"rotation":{"x":-0.005780613515526056,"y":0.9930241107940674,"z":-0.05516951531171799,"w":-0.10404817759990692},"size":5.779608726501465,"orthographic":false}