{"cameraMode":{"drawMode":0,"name":"Shaded","section":"Shading Mode"},"sceneLighting":false,"audioPlay":false,"sceneViewState":{"showFog":true,"showMaterialUpdate":false,"showSkybox":false,"showFlares":true,"showImageEffects":true,"showParticleSystems":true},"in2DMode":false,"pivot":{"x":0.1988219916820526,"y":1.5140881538391114,"z":-0.7966638803482056},"rotation":{"x":-0.0023375023156404497,"y":-0.9975587129592896,"z":0.04162026196718216,"w":-0.05602560564875603},"size":7.693071365356445,"orthographic":false}